Title,Laureate name,Pub year,Total Citations
The Effect of Magnetisation on the Nature of Light Emitted by a Substance,"zeeman, p",1897,0.0
Ueber Kathodenstrahlen in Gasen von atmosphrischem Druck und im ussersten Vacuum,"lenard, p",1894,53.0
XL. Cathode Rays,joseph john thomson,1897,576.0
On the Relative Motion of the Earth and the Luminiferous Ether,albert a. michelson,1887,1392.0
lxxxiv the radioactivity of thorium compounds ii the cause and nature of radioactivity,"rutherford, e",1902,52.0
viii on the experimental surgery of the thoracic aorta and heart,"carrel, a",1910,297.0
results of the transplantation of blood vessels organs and limbs,"carrel, a",1908,163.0
results of the biterminal transplantation of veins,"carrel, a",1906,58.0
a revision of the atomic weights of sodium and chlorine 1,"richards, t",1905,22.0
interferenzerscheinungen bei rontgenstrahlen,"laue, m",1913,234.0
revision des atomgewichtes von casium,"richards, t",1903,9.0
revision der atomgewichte von natrium und chlor,"richards, t",1905,14.0
the reflection of x rays by crystals,"bragg, wl",1913,1224.0
zur kenntnis der hydrolyse von cellulose i,"willstatter, r",1913,109.0
the structure of some crystals as indicated by their diffraction of x rays,"bragg, wl",1913,447.0
untersuchungen uber die anthocyane i uber den farbstoff der kornblume,"willstatter, r",1913,117.0
polarisation in secondary rontgen radiation,"barkla, cg",1906,70.0
uber die technische darstellung von ammoniak aus den elementen,"haber, f",1913,46.0
Ueber das Gesetz der Energieverteilung im Normalspectrum,"planck, m",1901,1293.0
beobachtungen uber den effekt des elektrischen feldes auf spektrallinien ii langseffekt,"stark, j",1914,99.0
the supply of oxygen to the tissues and the regulation of the capillary circulation,"krogh, a",1919,499.0
the number and distribution of capillaries in muscles with calculations of the oxygen pressure head necessary for supplying the tissue,"krogh, a",1919,1387.0
The Anomaly of the Nickel-Steels,charles edouard guillaume,1919,57.0
spezifische warme und quantentheorie,"nernst, w",1911,48.0
the regulation of respiration and circulation during the initial stages of muscular work,"krogh, a",1913,865.0
the rate of diffusion of gases through animal tissues with some remarks on the coefficient of invasion,"krogh, a",1919,638.0
der energieinhalt fester stoffe,"nernst, w",1911,133.0
the density of lead from ceylon thorite,"soddy, f",1915,14.0
uber einen die erzeugung und verwandlung des lichtes betreffenden heuristischen gesichtspunkt,"einstein, a",1905,2645.0
zur elektrodynamik bewegter korper,"einstein, a",1905,3828.0
the origin of actinium,"soddy, f",1913,8.0
on the movement of small particles suspended in a stationary liquid demanded by the molecular kinetic theory of heart,"einstein, a",1905,580.0
cxxxii the atomic weight of lead from ceylon thorite,"soddy, f",1914,28.0
the combinations of haemoglobin with oxygen and with carbon monoxide i,"hill, av",1913,783.0
ii on the theory of the decrease of velocity of moving electrified particles on passing through matter,"bohr, n",1913,802.0
xxxvii on the constitution of atoms and molecules,"bohr, n",1913,504.0
lxxiii on the constitution of atoms and molecules,"bohr, n",1913,238.0
i on the constitution of atoms and molecules,"bohr, n",1913,1244.0
a new mathematical treatment of changes of ionic concentration in muscle and nerve under the action of electric currents with a theory as to their mode of excitation,"hill, av",1910,334.0
the possibility of separating isotopes.,"aston, f",1919,72.0
uber die atmung der froschmuskulatur,"meyerhof, o",1919,74.0
a new modification of the cloud method of measuring the elementary electrical charge and the most probable value of that charge,"millikan, ra",1910,100.0
pancreatic extracts in the treatment of diabetes mellitus,"banting, fg",1922,587.0
the internal secretion of the pancreas,"banting, fg",1922,790.0
the isolation of an ion a precision measurement of its charge and the correction of stokes s law,"millikan, ra",1910,104.0
ein neues galvanometer,"einthoven, w",1903,90.0
uber sichtbarmachung und grosenbestimmung ultramikoskopischer teilchen mit besonderer anwendung auf goldrubinglaser,"zsigmondy, r",1902,297.0
determination of size and distribution of size of particle by centrifugal methods,"svedberg, t",1923,129.0
the ultra centrifuge a new instrument for the determination of size and distribution of size of particle in amicroscopic colloids,"svedberg, t",1924,223.0
cxvii the total reflexion of x rays,"compton, ah",1923,238.0
on a method of making visible the paths of ionising particles through a gas,"wilson, ctr",1911,107.0
uber den mechanismus der oxydationsvorgange,"wieland, h",1922,104.0
a quantum theory of the scattering of x rays by light elements,"compton, ah",1923,1232.0
the spectrum of scattered x rays,"compton, ah",1923,215.0
untersuchungen uber die konstitution des colchicins,"windaus, a",1924,44.0
uber ein in chloroform unlosliches glykosid aus digitalis blattern das gitoxin,"windaus, a",1925,31.0
the alcoholic ferment of yeast juice,"harden, a",1906,156.0
enzymatische spaltung von dipeptiden ii,"von euler, h",1926,40.0
xxxv a tentative theory of light quanta,"broglie, ld",1924,262.0
feeding experiments illustrating the importance of accessory factors in normal dietaries,"hopkins, fg",1912,284.0
a new type of secondary radiation,"raman, cv",1928,2292.0
uber die wirkung des kohlenoxyds auf den stoffwechsel der hefe,"warburg, o",1928,51.0
uber die geschwindigkeit der photochemischen kohlensaurezersetzung in lebenden zellen ii,"warburg, o",1928,174.0
the constitution and fundamental properties of solids and liquids part ii liquids,"langmuir, i",1917,2231.0
the constitution and fundamental properties of solids and liquids,"langmuir, i",1917,3674.0
the constitution and fundamental properties of solids and liquids part i solids,"langmuir, i",1916,9285.0
the adsorption of gases on plane surfaces of glass mica and platinum,"langmuir, i",1918,21231.0
the discharge of impulses in motor nerve fibres part i impulses in single fibres of the phrenic nerve,"adrian, ed",1928,231.0
the discharge of impulses in motor nerve fibres part ii the frequency of discharge in reflex and voluntary contractions,"adrian, ed",1929,758.0
zur theorie des ferromagnetismus,"heisenberg, w",1928,1711.0
sex limited inheritance in drosophila,"morgan, th",1910,155.0
quantisierung als eigenwertproblem,"schrodinger, e",1926,1924.0
uber das verhaltnis der heisenberg born jordanschen quantenmechanik zu der meinem,"schrodinger, e",1926,410.0
der stetige ubergang von der mikro zur makromechanik,"schrodinger, e",1926,1332.0
the quantum theory of the electron,"dirac, pam",1928,3363.0
an undulatory theory of the mechanics of atoms and molecules,"schrodinger, e",1926,1551.0
a diet rich in liver in the treatment of pernicious anemia study of one hundred and five cases,"murphy, wp",1927,82.0
a hydrogen isotope of mass 2,"urey, h",1932,304.0
treatment of pernicious anemia by a special diet,"murphy, wp",1926,494.0
uber induktion von embryonalanlagen durch implantation artfremder organisatoren,"spemann, h",1924,799.0
artificial production of a new kind of radio element,"joliot, f",1934,190.0
. Production artificielle d'lments radioactifs - II. Preuve chimique de la transmutation des lments,"curie, i",1934,23.0
possible existence of a neutron,"chadwick, j",1932,704.0
zur theorie der spezifischen warmen,"debye, p",1912,1642.0
uber humorale ubertragbarkeit der herznervenwirkung,"loewi, o",1924,461.0
the positive electron,"anderson, cd",1933,704.0
the action of certain esters and ethers of choline and their relation to muscarine,"dale, hh",1914,601.0
hexuronic acid as the antiscorbutic factor,"gyorgyi, as",1932,47.0
lxxxiii polysaccharides part i the structure of inulin,"haworth, w",1928,27.0
diffraction of electrons by a crystal of nickel,"davisson, cj",1927,901.0
diffraction of cathode rays by a thin film,"thomson, gp",1927,281.0
the structure of carbohydrates,"haworth, w",1928,71.0
zur kenntnis des vitamins a aus fischtranen,"karrer, p",1931,139.0
mikro bestimmung von acetyl benzoyl und c methylgruppen,"kuhn, r",1933,211.0
an attempt of a theory of beta radiation 1,"fermi, e",1934,1006.0
uber androstendion einen hochwirksamen mannlichen pragungsstoff ein beitrag zur genese der keimdrusenhormone,"ruzicka, l",1935,64.0
uber testosteron umwandlung des dehydro androsterons in androstendiol und testosteron ein weg zur darstellung des testosterons aus cholesterin,"butenandt, a",1935,131.0
zur isolierung und charakterisierung des corpus luteum hormons,"butenandt, a",1934,76.0
hohere terpenverbindungen xxiv ringbildungen bei sesquiterpenen totalsynthese des bisabolens und eines hexahydro cadalins,"ruzicka, l",1925,43.0
ein beitrag zur chemotherapie der bakteriellen infektionen,"domagk, g",1935,585.0
eine neue klasse von desinfektionsmitteln,"domagk, g",1935,332.0
uberfuhrung des pregnandiols in corpus luteum hormon,"butenandt, a",1934,49.0
hohere terpenverbindungen ix uber die totalsynthese des d l nerolidols und des farnesols,"ruzicka, l",1923,30.0
hohere terpenverbindungen viii uber die konstitution des nerolidols peruviol,"ruzicka, l",1923,22.0
uber androsteron iii isolierung eines neuen physiologisch unwirksamen sterinderivates aus mannerharn seine verknupfung mit dehydro androsteron und androsteron ein beitrag zur konstitution des androsterons,"butenandt, a",1934,89.0
the production of heavy high speed ions without the use of high voltages,"lawrence, eo",1931,86.0
the production of high speed light ions without the use of high voltages,"lawrence, eo",1931,318.0
notiz uber ein isomeres allo pregnanol 3 on 20,"butenandt, a",1935,27.0
the antihaemorrhagic vitamin of the chick occurrence and chemical nature,"dam, h",1935,215.0
the magnetic moment of silver atoms,"stern, o",1922,267.0
the antihaemorrhagic vitamin of the chick,"dam, h",1935,310.0
the absorption and translocation of lead by plants a contribution to the application of the method of radioactive indicators in the investigation of the change of substance in plants,"hevesy, g",1923,199.0
der experimentelle nachweis des magnetischen moments des silberatoms,"stern, o",1922,279.0
the isolation of vitamins k1 and,"doisy, ea",1939,74.0
the isolation of vitamin k2,"doisy, ea",1939,56.0
a new method of measuring nuclear magnetic moment,"rabi, ii",1938,679.0
uber den nachweis und das verhalten der bei der bestrahlung des urans mittels neutronen entstehenden erdalkalimetalle,"hahn, o",1939,629.0
the role of fiber size in the establishment of a nerve block by pressure or cocaine,"gasser, hs",1929,391.0
the compound nature of the action current of nerve as disclosed by the cathode ray oscillograph,"gasser, hs",1924,150.0
the role played by the sizes of the constituent fibers of a nerve trunk in determining the form of its action potential wave,"gasser, hs",1927,320.0
a study of the action currents of nerve with the cathode ray oscillograph,"gasser, hs",1922,124.0
the nature of conduction of an impulse in the relatively refractory period,"erlanger, j",1925,50.0
penicillin as a chemotherapeutic agent,"florey, hw",1940,564.0
uber den zusammenhang des abschlusses der elektronengruppen im atom mit der komplexstruktur der spektren,"pauli, w",1925,810.0
on the antibacterial action of cultures of a penicillium with special reference to their use in the isolation of b influenzae,"fleming, a",1929,349.0
an enzyme from bacteria able to destroy penicillin,"chain, e",1940,1270.0
further observations on penicillin,"chain, e",1941,778.0
two new modifications of phosphorus,"bridgman, pw",1914,743.0
the production of mutations by x rays,"muller, hj",1928,249.0
change of phase under pressure i the phase diagram of eleven substances with especial reference to the melting curve,"bridgman, pw",1914,94.0
the isolation and crystallization of the enzyme urease preliminary paper,"sumner, j",1926,44.0
the coagulation of albumen by pressure,"bridgman, pw",1914,400.0
a method for the determination of diffusion constants and the calculation of the radius and weight of the hemoglobin molecule,"northrop, j",1929,224.0
the inactivation of crystalline tobacco mosaic virus protein,"stanley, w",1936,47.0
chemical studies on the virus of tobacco mosaic vi the isolation from diseased turkish tobacco plants of a crystalline protein possessing the properties of tobacco mosaic virus,"stanley, w",1936,37.0
the measurement of gene mutation rate in drosophila its high variability and its dependence upon temperature,"muller, hj",1928,224.0
local reflection of wireless waves from the upper atmosphere,"appleton, ev",1925,115.0
lxxv a theory of the mechanism of the phytochemical synthesis of certain alkaloids,"robinson, r",1917,157.0
glycogen formation in the liver from d and l lactic acid,"cori, cf",1929,240.0
on some direct evidence for downward atmospheric reflection of electric rays,"appleton, ev",1925,148.0
the sensitivity to hypertensin adrenalin and renin of unanesthetized normal adrenalectomized hypophysectomized and nephrectomized dogs,"houssay, ba",1942,32.0
thyroid and metathyroid diabetes,"houssay, ba",1944,57.0
a new apparatus for electrophoretic analysis of colloidal mixtures,"tiselius, a",1937,845.0
an electrophoretic study of immune sera and purified antibody preparations,"tiselius, a",1939,493.0
electrophoresis of serum globulin electrophoretic analysis of normal and immune sera,"tiselius, a",1937,309.0
some photographs of the tracks of penetrating radiation,"blackett, pms",1933,310.0
further investigations with a wilson chamber ii the range and velocity of recoil atoms,"blackett, pms",1932,76.0
mass and mean life time of the meson,"yukawa, h",1939,9.0
hypothalamus und die zentren des autonomen nervensystems physiologie,"hess, wr",1936,32.0
prefrontal leucotomy in the treatment of mental disorders,"moniz, e",1937,207.0
on the nuclear transformation with the absorption of the orbital electron,"yukawa, h",1937,9.0
attainment of temperatures below 1 absolute by demagnetization ofgd2 so4 3 8h2o,"giauque, w",1933,457.0
processes involving charged mesons,"powell, cf",1947,314.0
observations on the tracks of slow mesons in photographic emulsions,"powell, cf",1947,230.0
synthesen in der hydroaromatischen reihe,"diels, o",1928,1286.0
the effect of a hormone of the adrenal cortex (17-hydroxy-11-dehydrocorticosterone - compound-e) and of pituitary adrenocorticotropic hormone on rheumatoid arthritis - preliminary report,"hench, ps",1949,203.0
the chemistry of crystalline substances isolated from the suprarenal gland,"kendall, ec",1936,132.0
atrophy of the adrenal cortex of the rat produced by the administration of large amounts of cortin,"kendall, ec",1937,82.0
eine ergiebige synthese der l ascorbinsaure c vitamin,"reichstein, t",1934,333.0
desoxy cortico steron 21 oxy progesteron aus 5 3 oxy atio cholensaure,"reichstein, t",1937,173.0
experiments with high velocity positive ions ii the disintegration of elements by high velocity protons,"walton, ets",1932,177.0
spontaneous encephalomyelitis of mice a new virus disease,"theiler, m",1937,301.0
radioactive element 94 from deuterons on uranium,"seaborg, g",1946,117.0
radioactive element 93,"mcmillan, e",1940,196.0
bacteriostatic and bactericidal substances produced by a soil actinomyces,"waksman, sa",1940,295.0
a new form of chromatogram employing two liquid phases a theory of chromatography 2 application to the micro determination of the higher monoamino acids in proteins,"synge, r",1941,7.0
resonance absorption by nuclear magnetic moments in a solid,"purcell, em",1946,5666.0
the soil as a source of microorganisms antagonistic to disease producing bacteria,"waksman, sa",1940,204.0
streptomycin a substance exhibiting antibiotic activity against gram positive and gram negative bacteria,"waksman, sa",1944,1042.0
the nuclear induction experiment,"bloch, f",1946,1142.0
uber neue organische phosphorverbindungen iv phosphinimine,"staudinger, h",1921,337.0
einwirkungen von aliphatischen diazoverbindungen auf thioketone,"staudinger, h",1920,110.0
diffraction theory of the knife edge test and its improved form the phase contrast method,"zernike, f",1934,316.0
metabolism of ketonic acids in animal tissues,"krebs, ha",1937,322.0
uber neue organische phosphorverbindungen iii phosphinmethylenderivate und phosphinimine,"staudinger, h",1919,1450.0
a specific micromethod for the determination of acyl phosphates,"lipmann, f",1945,1415.0
the structure of proteins two hydrogen bonded helical configurations of the polypeptide chain,"pauling, l",1951,2761.0
beweis des adiabatensatzes,"born, m",1928,1347.0
uber das wesen des comptoneffekts ein experimenteller beitrag zur theorie der strahlung,"bothe, w",1925,165.0
quantenmechanik der stosvorgange,"born, m",1926,830.0
cultivation of the lansing strain of poliomyelitis virus in cultures of various human embryonic tissues,"enders, jf",1949,742.0
zur quantenmechanik ii,"born, m",1926,49.0
zur quantenmechanik der stosvorgange,"born, m",1926,834.0
the synthesis of oxytocin1,"duvigneaud, v",1954,406.0
the magnetic moment of the electron,"kusch, p",1948,196.0
the synthesis of an octapeptide amide with the hormonal activity of oxytocin,"duvigneaud, v",1953,563.0
fine structure of the hydrogen atom by a microwave method,"lamb, we",1947,1223.0
the theory of p n junctions in semiconductors and p n junction transistors,"shockley, w",1949,1973.0
deformation potentials and mobilities in non polar crystals,"shockley, w",1950,3355.0
pulmonary in sufficiency i physiological classification clinical methods of analysis standard values in normal subjects,"richards, dw",1948,833.0
physiological studies of the effects of intermittent positive pressure breathing on cardiac output in man,"richards, dw",1947,698.0
Chemical kinetics and chain reactions,n. n. semenov,1935,556.0
further investigations on the kinetics of gaseous oxidation reactions,"hinshelwood, c",1930,28.0
227 on the factors determining the velocity of reactions in solution molecular statistics of the benzoylation of amines,"hinshelwood, c",1934,19.0
333 the activation energy of organic reactions part iv transmission of substituent influences in ester hydrolysis,"hinshelwood, c",1938,42.0
comparison of the fick and dye injection methods of measuring the cardiac output in man,"richards, dw",1948,322.0
surface states and rectification at a metal semi conductor contact,"bardeen, j",1947,4.0
the transistor a semi conductor triode,"brattain, wh",1948,797.0
question of parity conservation in weak interactions,"yang, cn",1956,2185.0
studies on phosphorylation .1. dibenzyl chlorophosphonate as a phosphorylating agent,"todd, a",1945,82.0
studies on phosphorylation .2. the reaction of dialkyl phosphites with polyhalogen compounds in presence of bases - a new method for the phosphorylation of amines,"todd, a",1945,303.0
genetic control of biochemical reactions in neurospora,"tatum, el",1941,1308.0
the disulphide bonds of insulin,"sanger, f",1955,900.0
the free amino groups of insulin,"sanger, f",1945,1813.0
coherent visible radiation from fast electrons passing through matter,"tamm, i",1937,156.0
coherent visible radiation of fast electrons passing through matter,"frank, i",1937,138.0
gene recombination in escherichia coli,"lederberg, j",1946,565.0
disulphide interchange reactions,"sanger, f",1955,233.0
enzymatic synthesis of deoxyribonucleic acid i preparation of substrates and partial purification of an enzyme from escherichia coli,"kornberg, a",1958,688.0
116 isocitric dehydrogenase system tpn from pig heart,"ochoa, s",1955,162.0
124 malic enzyme,"ochoa, s",1955,428.0
the processes at the mercury dropping cathode part i the deposition of metals,"heyrovsky, j",1924,35.0
observation of antiprotons,"segre, e",1955,6.0
researches with the dropping mercury cathode part ii the polarograph,"heyrovsky, j",1925,76.0
some effects of ionizing radiation on the formation of bubbles in liquids,"glaser, da",1952,196.0
age determination by radiocarbon content world wide assay of natural radiocarbon,"libby, w",1949,357.0
the failure of antibody production in the chick embryo,"burnet, fm",1950,79.0
the technique of free skin grafting in mammals,"medawar, pb",1951,748.0
the variation of phase along the basilar membrane with sinusoidal vibrations,"vonbekesy, g",1947,155.0
the path of carbon in photosynthesis v paper chromatography and radioautography of the products,"calvin, m",1950,469.0
a new audiometer,"vonbekesy, g",1947,429.0
the detection of gamma rays with thallium activated sodium iodide crystals,"hofstadter, r",1949,174.0
kernresonanzfluoreszenz von gammastrahlung in ir191,"mossbauer, rl",1958,873.0
the path of carbon in photosynthesis xx the steady state,"calvin, m",1952,1.0
kernresonanzabsorption von gammastrahlung in ir191,"mossbauer, rl",1958,278.0
the path of carbon in photosynthesis vii respiration and photosynthesis,"calvin, m",1950,135.0
structure of myoglobin a three dimensional fourier synthesis at 2 a resolution,"kendrew, j",1960,1309.0
genetical implications of the structure of deoxyribonucleic acid,"watson, jd",1953,2093.0
the structure of dna,"watson, jd",1953,1037.0
molecular structure of nucleic acids a structure for deoxyribose nucleic acid,"watson, jd",1953,12508.0
structure of haemoglobin a three dimensional fourier synthesis at 5 5 a resolution obtained by x ray analysis,"perutz, m",1960,1261.0
theory of the superfluidity of helium ii,"landau, l",1941,770.0
a three dimensional model of the myoglobin molecule obtained by x ray analysis,"kendrew, j",1958,1548.0
molecular structure of deoxypentose nucleic acids,"wilkins, mhf",1953,55.0
the packing of  helices simple coiled coils,"crick, fhc",1953,1544.0
cholinergic and inhibitory synapses in a pathway from motor axon collaterals to motoneurones,"eccles, jc",1954,1167.0
on the magic numbers in nuclear structure,"jensen, jhd",1949,859.0
polymerisation von athylen und anderen olefinen,"ziegler, k",1955,283.0
crystalline high polymers of  olefins,"natta, g",1955,920.0
on the quantum correction for thermodynamic equilibrium,"wigner, ep",1932,8638.0
a quantitative description of membrane current and its application to conduction and excitation in nerve,"hodgkin, al",1952,21976.0
on closed shells in nuclei ii,"mayer, mg",1949,931.0
on the interaction of electrons in metals,"wigner, ep",1934,29.0
the recording of potentials from motoneurones with an intracellular electrode,"eccles, jc",1952,561.0
the biological conversion of cholesterol to cholic acid,"bloch, k",1943,227.0
structure of vitamin b12,"hodgkin, d",1956,255.0
infrared and optical masers,"townes, ch",1958,2163.0
enzymes of fatty acid metabolism,"lynen, f",1953,363.0
stark effect in rapidly varying fields,"townes, ch",1955,1742.0
genetic regulatory mechanisms in the synthesis of proteins,"jacob, f",1961,6361.0
general conclusions teleonomic mechanisms in cellular metabolism growth and differentiation,"jacob, f",1961,1043.0
on the regulation of gene activity,"jacob, f",1961,871.0
the mechanism of the diels alder reaction,"woodward, r",1959,29.0
quantum electrodynamics i a covariant formulation,"schwinger, j",1948,736.0
on quantum electrodynamics and the magnetic moment of the electron,"schwinger, j",1948,1082.0
space time approach to quantum electrodynamics,"feynman, rp",1949,1528.0
relativistic cut off for quantum electrodynamics,"feynman, rp",1948,266.0
mathematical formulation of the quantum theory of electromagnetic interaction,"feynman, rp",1950,931.0
the theory of positrons,"feynman, rp",1949,1231.0
the total synthesis of steroids1,"woodward, r",1952,389.0
allosteric proteins and cellular control systems,"jacob, f",1963,2169.0
cis hydroxylation of a synthetic steroid intermediate with iodine silver acetate and wet acetic acid,"woodward, r",1958,207.0
induction of bacteriophage production in a bacterium,"lwoff, a",1950,52.0
on infinite field reactions in quantum field theory,"tomonaga, si",1948,181.0
a relativistic cut off for classical electrodynamics,"feynman, rp",1948,265.0
on a relativistically invariant formulation of the quantum theory of wave fields,"tomonaga, si",1949,631.0
a transmissible avian neoplasm sarcoma of the common fowl,"rous, p",1910,398.0
studies on prostatic cancer i the effect of castration of estrogen and of androgen injection on serum phosphatases in metastatic carcinoma of the prostate,"huggins, c",1941,3199.0
a sarcoma of the fowl transmissible by an agent separable from the tumor cells,"rous, p",1911,991.0
electronic population analysis on lcao mo molecular wave functions i,"mulliken, r",1955,10384.0
cis trans isomers of vitamin a and retinene in the rhodopsin system,"wald, g",1952,420.0
excitatory and inhibitory processes acting upon individual purkinje cells of the cerebellum in cats,"granit, r",1956,431.0
the components of the retinal action potential in mammals and their relation to the discharge in the optic nerve,"granit, r",1933,536.0
tonic and phasic ventral horn cells differentiated by post tetanic potentiation in cat extensors,"granit, r",1956,198.0
chemical reactions produced by very high light intensities,"norrish, r",1949,311.0
uber die kinetik sehr schnell verlaufender ionenreaktionen in wasseriger losung,"eigen, m",1954,399.0
fibre interaction in injured or compressed region of nerve,"granit, r",1944,226.0
energy production in stars,"bethe, ha",1939,612.0
the peripheral origin of nervous activity in the visual system,"hartline, hk",1952,242.0
cistrans isomers of vitamin a and retinene in vision,"wald, g",1952,35.0
the molar extinction of rhodopsin,"wald, g",1953,441.0
pre lumirhodopsin and the bleaching of visual pigments,"wald, g",1963,518.0
supraspinal control of the muscle spindles and its significance,"granit, r",1953,406.0
Structure of a Ribonucleic Acid,"holley, rw",1965,1361.0
the dependence of cell free protein synthesis in e coli upon naturally occurring or synthetic polyribonucleotides,"nirenberg, m",1961,1555.0
catalysis of nuclear reactions by mu mesons,"alvarez, lw",1957,242.0
carbodiimides viii 1 observations on the reactions of carbodiimides with acids and some new applications in the synthesis of phosphoric acid esters,"khorana, hg",1958,209.0
nucleoside polyphosphates x 1 the synthesis and some reactions of nucleoside 5 phosphoromorpholidates and related compounds improved methods for the preparation of nucleoside 5 polyphosphates1,"khorana, hg",1961,468.0
evidence for a t 0 three pion resonance,"alvarez, lw",1961,203.0
reciprocal relations in irreversible processes ii,"onsager, l",1931,5153.0
studies on polynucleotides iii enzymic degradation substrate specificity and properties of snake venom phosphodiesterase,"khorana, hg",1959,309.0
studies on polynucleotides xiv 1specific synthesis of the c3 c5 interribonucleotide linkage syntheses of uridylyl 3 5 uridine and uridylyl 3 5 adenosine2,"khorana, hg",1962,276.0
studies on polynucleotides xxiv 1 the stepwise synthesis of specific deoxyribopolynucleotides 4 2 protected derivatives of deoxyribonucleosides and new syntheses of deoxyribonucleoside 3 phosphates3,"khorana, hg",1963,398.0
symmetries of baryons and mesons,"gellmann, m",1962,2249.0
MUTATIONS OF BACTERIA FROM VIRUS SENSITIVITY TO VIRUS RESISTANCE,"delbruck, m",1943,3849.0
the structure of molecules containing cyclohexane or pyranose rings,"hassel, o",1947,150.0
theory of the fermi interaction,"gellmann, m",1958,2017.0
the axial vector current in beta decay,"gellmann, m",1960,2411.0
independent functions of viral protein and nucleic acid in growth of bacteriophage,"hershey, ad",1952,1515.0
the principles of conformational analysis,"barton, d",1956,203.0
enzymatic o methylation of epinephrine and other catechols,"axelrod, j",1958,1282.0
o methylation of epinephrine and other catechols in vitro and in vivo,"axelrod, j",1957,356.0
evidence for the presence of noradrenaline in submicroscopic structures of adrenergic axons,von euler us,1956,224.0
proprietes magnetiques des ferrites ferrimagnetisme et antiferromagnetisme,"neel, l",1948,2011.0
the effect of sodium ions on the electrical activity of the giant axon of the squid,"katz, b",1949,3448.0
spontaneous subthreshold activity at motor nerve endings,"katz, b",1952,1800.0
a study of the desensitization produced by acetylcholine at the motor end plate,"katz, b",1957,1456.0
on the motion of cosmic rays in interstellar space,"alfven, h",1939,265.0
existence of electromagnetic hydrodynamic waves,"alfven, h",1942,1512.0
a modified colorimetric method for the estimation of n acetylamino sugars,"leloir, l",1955,2544.0
an analysis of the end plate potential recorded with an intra cellular electrode,"katz, b",1951,1386.0
quantal components of the end plate potential,"katz, b",1954,2170.0
adenyl cyclase i distribution preparation and properties,"sutherland, ew",1962,848.0
adenyl cyclase iv the effects of neurohormones on the formation of adenosine 3 5 phosphate by preparations from brain and other tissues,"sutherland, ew",1962,411.0
microscopy by reconstructed wave fronts,"gabor, d",1949,1077.0
adenyl cyclase iii the effect of catecholamines and choline esters on the formation of adenosine 3 5 phosphate by preparations from cardiac muscle and liver,"sutherland, ew",1962,546.0
absorption spectrum of free ch3 and cd3 radicals,"herzberg, g.",1956,233.0
adenosine 3 5 phosphate in biological materials i purification and properties of cyclic 3 5 nucleotide phosphodiesterase and use of this enzyme to characterize adenosine 3 5 phosphate in human urine,"sutherland, ew",1962,2079.0
analysis of the 4050 a group of the c 3 molecule,"herzberg, g.",1965,272.0
a new microscopic principle,"gabor, d",1948,4237.0
the lyman bands of molecular hydrogen,"herzberg, g.",1959,315.0
the spectrum and structure of singlet ch 2,"herzberg, g.",1966,278.0
the bakerian lecture the spectra and structures of free methyl and free methylene,"herzberg, g.",1961,485.0
automatic recording apparatus for use in the chromatography of amino acids,"moore, s",1958,9548.0
theory of superconductivity,"cooper, ln",1957,12285.0
the hydrolysis of rabbit  globulin and antibodies with crystalline papain,"porter, rr",1959,2277.0
the kinetics of formation of native ribonuclease during oxidation of the reduced polypeptide chain,"anfinsen, c",1961,1151.0
chromatography of amino acids on sulfonated polystyrene resins an improved system,"stein, w",1958,2184.0
dissociation of  globulin,"edelman, gm",1959,183.0
The Companion in the Bird's World,"lorenz, k",1937,571.0
ber die Bildung des Instinktbegriffes,"lorenz, k",1937,20.0
Der Kumpan in der Umwelt des Vogels,"lorenz, k",1935,1238.0
cyclopentadien metallkomplexe ein neuer typ metallorganischer verbindungen,"fischer, e",1952,460.0
new phenomenon in narrow germanium p n junctions,"esaki, l",1958,1457.0
energy gap in superconductors measured by electron tunneling,"giaever, i",1960,737.0
electron tunneling between two superconductors,"giaever, i",1960,382.0
study of superconductors by electron tunneling,"giaever, i",1961,394.0
Aus dem Leben der Bienen,karl von frisch,1927,104.0
tunneling through thin insulating layers,"giaever, i",1961,366.0
possible new effects in superconductive tunnelling,"josephson, bd",1962,3808.0
the structure of iron bis cyclopentadienyl,wilkinso.g,1952,905.0
a study of tissue culture cells by electron microscopy methods and preliminary observations,"claude, a",1945,572.0
the fine structure of neurons,"palade, ge",1955,859.0
solar radiation on 175 mc s,"ryle, m",1946,2.0
fractionation of mammalian liver cells by differential centrifugation i problems methods and preparation of extract,"claude, a",1946,277.0
observation of a rapidly pulsating radio source,"hewish, a",1968,1554.0
tissue fractionation studies 6 intracellular distribution patterns of enzymes in rat liver tissue,"duve, cd",1955,4102.0
tissue fractionation studies 5 the association of acid phosphatase with a special class of cytoplasmic granules in rat liver,"duve, cd",1955,620.0
molecular size distribution in linear condensation polymers1,"flory, p",1936,935.0
fractionation of mammalian liver cells by differential centrifugation ii experimental procedures and results,"claude, a",1946,271.0
tissue fractionation studies 4 comparative study of the binding of acid phosphatase  glucuronidase and cathepsin by rat liver particles,"duve, cd",1955,884.0
the distribution of cytochrome oxidase and succinoxidase in the cytoplasm of the mammalian liver cell,"claude, a",1946,183.0
a small particulate component of the cytoplasm,"palade, ge",1955,940.0
the mechanism of vinyl polymerizations1,"flory, p",1937,338.0
rotational states in even even nuclei,"bohr, a.",1953,101.0
interpretation of isomeric transitions of electric quadrupole type,"bohr, a.",1953,71.0
studies on the biosynthesis of cholesterol xvi chemical synthesis of 1 h2 3 2 c 14 and 1 d2 2 c 14 trans trans farnesyl pyrophosphate and their utilization in squalene biosynthesis,cornfort.jw,1962,179.0
viral rna dependent dna polymerase rna dependent dna polymerase in virions of rna tumour viruses,baltimor.d,1970,1951.0
nuclear energy level argument for a spheroidal nuclear model,"rainwater, j",1950,299.0
description of steric relationships across single bonds,"prelog, v",1960,688.0
the specification of asymmetric configuration in organic chemistry,"prelog, v",1956,779.0
specification of molecular chirality,"prelog, v",1966,1777.0
viral rna dependent dna polymerase rna dependent dna polymerase in virions of rous sarcoma virus,"temin, hm",1970,2014.0
plaque formation and isolation of pure lines with poliomyelitis viruses,"dulbecco, r",1954,3804.0
boron hydrides lcao mo and resonance studies,"lipscomb, w",1962,465.0
theory of polyhedral molecules iii population analyses and reactivities for the carboranes,"lipscomb, w",1962,291.0
theory of polyhedral molecules i physical factorizations of the secular equation,"lipscomb, w",1962,936.0
a new antigen in leukemia sera,"blumberg, bs",1965,1287.0
experimental transmission of a kuru like syndrome to chimpanzees,"gajdusek, dc",1966,814.0
experimental observation of a heavy particle j,"ting, scc",1974,1522.0
the discovery of a second narrow resonance in e e annihilation,"richter, b",1974,424.0
discovery of a narrow resonance in e e annihilation,"richter, b",1974,1286.0
isolation and properties of porcine thyrotropin releasing hormone,"schally, av",1969,183.0
the identity of chemical and hormonal properties of the thyrotropin releasing hormone and pyroglutamyl histidyl proline amide,"schally, av",1969,529.0
dynamical and statistical descriptions of n body systems,"prigogine, i",1969,164.0
the basis of the electron theory of metals with special reference to the transition metals,"mott, n",1949,1839.0
discovery of modification of the synthetic tripeptide sequence of the thyrotropin releasing hormone having activity,"schally, av",1969,137.0
theory of the variations in paramagnetic anisotropy among different salts of the iron group,"van vleck, jh",1932,359.0
assay of plasma insulin in human subjects by immunological methods,"yalow, rs",1959,1081.0
characterization of ovine hypothalamic hypophysiotropic tsh releasing factor,guillemi.r,1970,373.0
absence of diffusion in certain random lattices,"anderson, pw",1958,11597.0
quantitative aspects of the reaction between insulin and insulin binding antibody,"yalow, rs",1959,602.0
immunoassay of endogenous plasma insulin in man,"yalow, rs",1960,2974.0
insulin i131 metabolism in human subjects demonstration of insulin binding globulin in the circulation of insulin treated subjects,"yalow, rs",1956,831.0
Coupling of phosphorylation to electron and hydrogen transfer by a chemi-osmotic type of mechanism.,"mitchell, p",1961,4443.0
viscosity of liquid helium below the  point,"kapitza, pl",1938,709.0
a measurement of excess antenna temperature at 4080 mc s,"penzias, aa",1965,2397.0
specific cleavage of simian virus 40 dna by restriction endonuclease of hemophilus influenzae,"nathans, d",1971,378.0
host specificity of dna produced by escherichia coli ii control over acceptance of dna from infecting phage ,"arber, w",1962,218.0
a restriction enzyme from hemophilus influenzae i purification and general properties,"smith, ho",1970,853.0
a restriction enzyme from hemophilus influenzae ii base sequence of the recognition site,"smith, ho",1970,588.0
Weak and electromagnetic interactions,"salam, a",1968,273.0
partial symmetries of weak interactions,"glashow, sl",1961,4478.0
a model of leptons,"weinberg, s",1967,7023.0
directive effects in aromatic substitution .30. electrophilic substituent constants,"brown, h",1958,1105.0
computerized transverse axial scanning tomography part 1 description of system,"hounsfield, gn",1973,3710.0
zur reaktionsweise des pentaphenyl phosphors und einiger derivate,"wittig, g",1953,662.0
uber triphenyl phosphin methylene als olefinbildende reagenzien i mitteil,"wittig, g",1954,983.0
representation of a function by its line integrals with some radiological applications,"cormack, am",1963,557.0
properties of guinea pig 7s antibodies ii identification of antibodies involved in passive cutaneous and systemic anaphylaxis,benacerr.b,1963,297.0
properties of antibodies cytophilic for macrophages,benacerr.b,1966,481.0
leukoagglutinins v leukoagglutinins in chronic idiopathic or symptomatic pancytopenia and in paroxysmal nocturnal hemoglobinuria,"dausset, j",1954,135.0
a new method for sequencing dna,"gilbert, w",1977,7829.0
dna sequencing with chain terminating inhibitors,"sanger, f",1977,68546.0
the serology and the prognosis of 128 cases of autoimmune hemolytic anemia,"dausset, j",1959,114.0
properties of guinea pig 7s antibodies i electrophoretic separation of two types of guinea pig 7s antibodies,benacerr.b,1963,226.0
studies on the specificity of the cellular infiltrate in delayed hypersensitivity reactions,benacerr.b,1963,284.0
evidence for the 2 pi decay of the k2 0 meson,"fitch, v",1964,2146.0
labeling deoxyribonucleic acid to high specific activity in vitro by nick translation with dna polymerase i,"berg, p",1977,11618.0
acquired hemolytic anemia with polyagglutinability of red blood cells due to a new factor present in normal human serum anti tn,"dausset, j",1959,120.0
ray spectroscopy in the precision range of 1 105,"siegbahn, k",1956,20.0
an extended huckel theory i hydrocarbons,"hoffmann, r",1963,4558.0
the conservation of orbital symmetry,"hoffmann, r",1969,3939.0
interactions between light waves in a nonlinear dielectric,"bloember, n",1962,4131.0
receptive fields binocular interaction and functional architecture in the cat s visual cortex,"hubel, dh",1962,13336.0
receptive fields and functional architecture of monkey striate cortex,"hubel, dh",1968,6411.0
receptive fields and functional architecture in two nonstriate visual areas 18 and 19 of the cat,"hubel, dh",1965,2578.0
comparison of the effects of unilateral and bilateral eye closure on cortical unit responses in kittens,"wiesel, tn",1965,1589.0
single cell responses in striate cortex of kittens deprived of vision in one eye,"wiesel, tn",1963,2565.0
chemoaffinity in the orderly growth of nerve fiber patterns and connections,"sperry, rw",1963,1930.0
light waves at the boundary of nonlinear media,"bloember, n",1962,1175.0
a molecular orbital theory of reactivity in aromatic hydrocarbons,"fukui, k",1952,2095.0
selection rules for concerted cycloaddition reactions,"hoffmann, r",1965,593.0
stereochemistry of electrocyclic reactions,"hoffmann, r",1965,1307.0
selection rules for sigmatropic reactions,"hoffmann, r",1965,418.0
physical principles in the construction of regular viruses,"klug, a",1962,2451.0
thromboxanes a new group of biologically active compounds derived from prostaglandin endoperoxides,samuelss.b,1975,3026.0
prostaglandin endoperoxides novel transformations of arachidonic acid in human platelets,samuelss.b,1974,1399.0
observations on the effects of infusion of prostnglnndin e in man,"bergstrom, s",1959,231.0
prostaglandin endoperoxides vii novel transformations of arachidonic acid in guinea pig lung,samuelss.b,1974,226.0
on the regulation of bile acid formation in the rat liver,"bergstrom, s",1958,161.0
arachidonic acid metabolism in polymorphonuclear leukocytes effects of ionophore a23187,samuelss.b,1979,798.0
an enzyme isolated from arteries transforms prostaglandin endoperoxides to an unstable substance that inhibits platelet aggregation,"vane, jr",1976,3562.0
isolation and structure of two prostaglandin endoperoxides that cause platelet aggregation,samuelss.b,1974,976.0
renormalization group and critical phenomena 2 phase space cell analysis of critical behavior,"wilson, kg",1971,1298.0
renormalization group and critical phenomena 1 renormalization group and the kadanoff scaling picture,"wilson, kg",1971,2116.0
leukotriene c a slow reacting substance from murine mastocytoma cells,samuelss.b,1979,986.0
reconstruction of three dimensional structures from electron micrographs,"klug, a",1968,1294.0
inhibition of prostaglandin synthesis as a mechanism of action for aspirin like drugs,"vane, jr",1971,8488.0
rates and mechanisms of substitution in inorganic complexes in solution,"taube, h",1952,383.0
the maximum mass of ideal white dwarfs,"chandrasekhar, s",1931,1005.0
mutable loci in maize,"mcclintock, b",1951,405.0
excited states of the mirror nuclei li7 and be7,"fowler, wa",1951,138.0
the fusion of broken ends of chromosomes following nuclear fusion,"mcclintock, b",1942,315.0
the origin and behavior of mutable loci in maize,"mcclintock, b",1950,1604.0
chromosome organization and genic expression,"mcclintock, b",1951,1168.0
the stability of broken ends of chromosomes in zea mays,"mcclintock, b",1941,1577.0
experimental observation of isolated large transverse energy electrons with associated missing energy at sqrt s 540 gev,"rubbia, c",1983,875.0
experimental observation of lepton pairs of invariant mass around 95 gev c2 at the cern sps collider,"rubbia, c",1983,758.0
solid phase peptide synthesis i the synthesis of a tetrapeptide,merrifie.rb,1963,7264.0
continuous cultures of fused cells secreting antibody of predefined specificity,"milstein, c",1975,16852.0
towards a network theory of the immune system,"jerne, nk",1974,3342.0
the natural selection theory of antibody formation,"jerne, nk",1955,699.0
regulation of 3 hydroxy 3 methylglutaryl coenzyme a reductase activity in human fibroblasts by lipoproteins,"brown, ms",1973,345.0
binding and degradation of low density lipoproteins by cultured human fibroblasts comparison of cells from a normal subject and from a patient with homozygous familial hypercholesterolemia,"goldstein, jl",1974,1473.0
a theory of phase determination for the four types of non centrosymmetric space groups 1p222 2p22 3p12 3p22,"hauptman, h",1956,250.0
new method for high accuracy determination of the fine structure constant based on quantized hall resistance,"vonklitzing, k",1980,6507.0
concepts in reaction dynamics,"polanyi, j",1972,860.0
location of energy barriers i effect on the dynamics of reactions a bc,"polanyi, j",1969,391.0
crossed molecular beam study of f c2h4 c2d4,"lee, y",1972,134.0
intermolecular potentials from crossed beam differential elastic scattering measurements iv ar ar,"lee, y",1972,305.0
surface studies by scanning tunneling microscopy,"binnig, g",1982,127.0
molecular beam reactive scattering apparatus with electron bombardment detector,"lee, y",1969,417.0
effects of mouse tumor transplantation on the nervous system,"levimontalcini, r",1952,261.0
scanning tunneling microscopy,"binnig, g",1982,892.0
beitrag zur geometrischen elektronenoptik ii,"ruska, e",1932,45.0
combination rules for van der waals force constants,herschba.dr,1970,174.0
a nerve growth stimulating factor isolated from snake venom,"cohen, s",1956,306.0
a nerve growth stimulating factor isolated from sarcom as 37 and 180,"cohen, s",1954,514.0
diaza polyoxa macrocycles et macrobicycles,"lehn, j",1969,492.0
cyclic polyethers and their complexes with metal salts,"pedersen, c",1967,2133.0
studies in stereochemistry x the rule of steric control of asymmetric induction in the syntheses of acyclic systems,"cram, d",1952,677.0
evidence for somatic rearrangement of immunoglobulin genes coding for variable and constant regions,"tonegawa, s",1976,721.0
possible high tc superconductivity in the ba la cu o system,"muller, ka",1986,13624.0
structure of the protein subunits in the photosynthetic reaction centre of rhodopseudomonas viridis at 3a resolution,"huber, r",1985,3048.0
x ray structure analysis of a membrane protein complex electron density map at 3 a resolution and a model of the chromophores of the photosynthetic reaction center from rhodopseudomonas viridis,"michel, h",1984,1916.0
observation of high energy neutrino reactions and the existence of two kinds of neutrinos,"lederman, lm",1962,686.0
studies on condensed pyrimidine systems ix the synthesis of some 6 substituted purines,"elion, gb",1952,296.0
antagonists of nucleic acid derivatives viii synergism in combinations of biochemically related antimetabolites,"elion, gb",1954,421.0
definition and antagonism of histamine h2 receptors,"black, jw",1972,2261.0
three dimensional crystals of a membrane protein complex the photosynthetic reaction centre from rhodopseudomonas viridis,"michel, h",1982,451.0
pharmacology of a new adrenergic beta receptor blocking compound nethalide,"black, jw",1962,496.0
magnetic shielding of nuclei in molecules,"ramsey, nf",1950,1379.0
slow spin relaxation of optically polarized sodium atoms,"dehmelt, hg",1957,200.0
notizen ein neues massenspektrometer ohne magnetfeld,"paul, w",1953,528.0
the rna moiety of ribonuclease p is the catalytic subunit of the enzyme,"altman, s",1983,2595.0
dna related to the transforming gene s of avian sarcoma viruses is present in normal avian dna,"bishop, jm",1976,1272.0
modulation of a light beam by precessing absorbing atoms,"dehmelt, hg",1957,212.0
spin resonance of free electrons polarized by exchange collisions,"dehmelt, hg",1958,161.0
self splicing rna autoexcision and autocyclization of the ribosomal rna intervening sequence of tetrahymena,"cech, t",1982,2234.0
electron proton elastic scattering at high momentum transfers,"taylor, re",1968,160.0
SUPRALETHAL WHOLE BODY IRRADIATION AND ISOLOGOUS MARROW TRANSPLANTATION IN MAN,thomas ed,1959,411.0
observed behavior of highly inelastic electron proton scattering,"taylor, re",1969,618.0
high energy inelastic e p scattering at 6 degrees and 10 degrees,"taylor, re",1969,611.0
Successful Homotransplantation of the Kidney in an Identical Twin,"murray, je",1956,131.0
the stereochemistry of complex inorganic compounds xxii stereospecific effects in complex ions1,"corey, e",1959,403.0
measurements of elastic electron deuteron scattering at high momentum transfers,"kendall, hw",1969,181.0
investigation of exchange processes by two dimensional nmr spectroscopy,"ernst, r",1979,4715.0
application of fourier transform spectroscopy to magnetic resonance,"ernst, r",1966,1606.0
Improved patch-clamp techniques for high-resolution current recording from cells and cell-free membrane patches,"neher, e",1981,18364.0
coil stretch transition of dilute flexible polymers under ultrahigh velocity gradients,"degennes, pg",1974,1016.0
two dimensional spectroscopy application to nuclear magnetic resonance,"ernst, r",1976,3006.0
on the theory of oxidation reduction reactions involving electron transfer i,"marcus, r",1956,5675.0
Conversion of phosphorylase b to phosphorylase a in muscle extracts.,"fischer, eh",1955,497.0
the reaction of sodium borohydride with muscle phosphorylase1,"krebs, eg",1958,283.0
The phosphorylase b to a converting enzyme of rabbit skeletal muscle,"fischer, eh",1956,459.0
the use of multiwire proportional counters to select and localize charged particles,"charpak, g",1968,481.0
the nucleotide sequence of bacteriophage x174,"smith, m",1978,689.0
discovery of a pulsar in a binary system,"taylor, jh",1975,1755.0
oligonucleotide directed mutagenesis using m13 derived vectors an efficient and general procedure for the production of point mutations in any fragment of dna,"smith, m",1982,758.0
nucleotide sequence of bacteriophage phi x174 dna,"smith, m",1977,1446.0
Sizing and mapping of early adenovirus mRNAs by gel electrophoresis of S1 endonuclease-digested hybrids,"sharp, pa",1977,3006.0
primer directed enzymatic amplification of dna with a thermostable dna polymerase,"mullis, k",1988,16667.0
enzymatic amplification of beta globin genomic sequences and restriction site analysis for diagnosis of sickle cell anemia,"mullis, k",1985,8898.0
an amazing sequence arrangement at the 5 ends of adenovirus 2 messenger rna,"roberts, rj",1977,1133.0
the glucagon sensitive adenyl cyclase system in plasma membranes of rat liver i properties,"rodbell, m",1971,493.0
purification of the regulatory component of adenylate cyclase,"gilman, ag",1980,497.0
stable carbonium ions ii 1aoxocarbonium1b acylium tetrafluoroborates hexafluorophosphates hexafluoroantimonates and hexafluoroarsenates structure and chemical reactivity of acyl fluoride lewis acid fluoride complexes1c,"olah, g",1962,159.0
the glucagon sensitive adenyl cyclase system in plasma membranes of rat liver iv effects of guanyl nucleotides on binding of 125i glucagon,"rodbell, m",1971,474.0
adenyl cyclase in fat cells ii hormone receptors,"rodbell, m",1969,348.0
the glucagon sensitive adenyl cyclase system in plasma membranes of rat liver v an obligatory role of guanyl nucleotides in glucagon action,"rodbell, m",1971,791.0
neutron diffraction by paramagnetic and antiferromagnetic substances,"shull, cg",1951,1131.0
adenyl cyclase in fat cells i properties and the effects of adrenocorticotropin and fluoride,"rodbell, m",1969,435.0
lattice vibrations in silicon and germanium,"brockhouse, bn",1959,347.0
the glucagon sensitive adenyl cyclase system in plasma membranes of rat liver iii binding of glucagon method of assay and specificity,"rodbell, m",1971,448.0
normal modes of germanium by neutron spectrometry,"brockhouse, bn",1958,299.0
stratospheric sink for chlorofluoromethanes chlorine atomc atalysed destruction of ozone,"rowland, f",1974,4254.0
mutations affecting segment number and polarity in drosophila,"wieschaus, e",1980,4258.0
the influence of nitrogen oxides on the atmospheric ozone content,"crutzen, p",1970,1601.0
evidence for anomalous lepton production in e e annihilation,"perl, ml",1975,789.0
a gene complex controlling segmentation in drosophila,"lewis, eb",1978,3675.0
detection of the free neutrino,"reines, f",1953,335.0
c 60 buckminsterfullerene,"curl, r",1985,15302.0
new magnetic phenomena in liquidhe3below 3 mk,"richards, rc",1972,344.0
evidence for a new phase of solid he 3,"lee, dm",1972,576.0
restriction of in vitro t cell mediated cytotoxicity in lymphocytic choriomeningitis within a syngeneic or semiallogeneic system,zinkerna.rm,1974,2037.0
immunological surveillance against altered self components by sensitised t lymphocytes in lymphocytic choriomeningitis,"doherty, pc",1974,826.0
the influence of some cations on an adenosine triphosphatase from peripheral nerves,"skou, j",1957,2194.0
novel proteinaceous infectious particles cause scrapie,"prusiner, sb",1982,4940.0
laser cooling below the one photon recoil by velocity selective coherent population trapping,"cohentannoudji, c",1988,832.0
observation of a single beam gradient force optical trap for dielectric particles,"chu, s",1986,6667.0
observation of atoms laser cooled below the doppler limit,"phillips, wd",1988,581.0
structure at 2 8 a resolution of f1 atpase from bovine heart mitochondria,"walker, j",1994,2937.0
two dimensional magnetotransport in the extreme quantum limit,"stormer, hl",1982,4392.0
endothelium derived relaxing factor produced and released from artery and vein is nitric oxide,"ignarro, lj",1987,4966.0
depression of contractile responses in rat aorta by spontaneously released endothelium derived relaxing factor,"furchgott, rf",1986,370.0
nitric oxide activates guanylate cyclase and increases guanosine 3 5 cyclic monophosphate levels in various tissue preparations,"murad, f",1977,1409.0
stimulation of guanylate cyclase by sodium nitroprusside nitroglycerin and nitric oxide in various tissue preparations and comparison to the effects of sodium azide and hydroxylamine,"murad, f",1977,684.0
self consistent equations including exchange and correlation effects,"kohn, w",1965,58547.0
anomalous quantum hall effect an incompressible quantum fluid with fractionally charged excitations,"laughlin, rb",1983,5301.0
inhomogeneous electron gas,"kohn, w",1964,49009.0
the obligatory role of endothelial cells in the relaxation of arterial smooth muscle by acetylcholine,"furchgott, rf",1980,11881.0
phosphodiesterase inhibitors induce endothelium dependent relaxation of rat and rabbit aorta by potentiating the effects of spontaneously released endothelium derived relaxing factor,"furchgott, rf",1986,165.0
the influence of polarization functions on molecular orbital hydrogenation energies,"pople, j",1973,14797.0
endothelium derived relaxing factor from pulmonary artery and vein possesses pharmacologic and chemical properties identical to those of nitric oxide radical,"ignarro, lj",1987,1166.0
femtosecond real time observation of wave packet oscillations resonance in dissociation reactions,"zewail, a",1988,384.0
regularization and renormalization of gauge fields,"thooft, g",1972,4253.0
transfer of proteins across membranes i presence of proteolytically processed and unprocessed nascent immunoglobulin light chains on membrane bound ribosomes of murine myeloma,"blobel, g",1975,2982.0
neuronal correlates of habituation and dishabituation of the gill withdrawal reflex in aplysia,"kandel, er",1970,523.0
cyclic nucleotide dependent protein kinases iv widespread occurrence of adenosine 3 5 monophosphate dependent protein kinase in various tissues and phyla of the animal kingdom,greengar.p,1969,774.0
electrical conductivity in doped polyacetylene,shirakaw.h,1977,3203.0
synthesis of electrically conducting organic polymers halogen derivatives of polyacetylene ch x,"heeger, a",1977,3598.0
3 4 dihydroxyphenylalanine and 5 hydroxytryptophan as reserpine antagonists,"carlsson, a",1957,1229.0
a method for the fluorimetric determination of adrenaline and noradrenaline in tissues 1,"carlsson, a",1958,1028.0
a fluorimetric method for the determination of dopamine 3 hydroxytyramine,"carlsson, a",1958,618.0
observation of bose einstein condensation in a dilute atomic vapor,"wiemann, ce",1995,7000.0
genetic control of the cell division cycle in yeast iv genes controlling bud emergence and cytokinesis,"hartwell, lh",1971,635.0
bose einstein condensation in a gas of sodium atoms,"ketterle, w",1995,5301.0
negative regulation of mitosis by wee1 a gene encoding a protein kinase homolog,"nurse, p",1987,992.0
the first practical method for asymmetric epoxidation,"sharpless, k",1980,2532.0
complementation used to clone a human homologue of the fission yeast cell cycle control gene cdc2,"nurse, p",1987,1137.0
cyclin a protein specified by maternal mrna in sea urchin eggs that is destroyed at each cleavage division,"hunt, t",1983,1485.0
solution conformation of proteinase inhibitor iia from bull seminal plasma by 1h nuclear magnetic resonance and distance geometry,"wuthrich, k",1985,603.0
genetic control of programmed cell death in the nematode c elegans,"horvitz, hr",1986,1773.0
Protein and polymer analyses up to m/z 100 000 by laser ionization timeofflight mass spectrometry,"tanaka, k",1988,3061.0
search for neutrinos from the sun,raymond davis jr.,1968,1042.0
the genetics of caenorhabditis elegans,"brenner, s",1974,14693.0
post embryonic cell lineages of the nematode caenorhabditis elegans,"sulston, je",1977,3423.0
evidence for oscillation of atmospheric neutrinos,"koshiba, m",1998,4648.0
observation of a neutrino burst from the supernova sn1987a,"koshiba, m",1987,1800.0
electrospray ionization for mass spectrometry of large biomolecules,"fenn, j",1989,7329.0
evidence for x rays from sources outside the solar system,"giacconi, r",1962,770.0
magnetic properties of superconductors of the second group,"abrikosov, aa",1957,800.0
the spin dynamics of an anisotropic fermi supefluid 3he,"leggett, aj",1974,245.0
On the Theory of superconductivity(In Russian),"ginzburg, vl",1950,136.0
multi planar image formation using nmr spin echoes,"mansfield, p",1977,1760.0
quantum tunnelling in a dissipative system,"leggett, aj",1983,3399.0
appearance of water channels in xenopus oocytes expressing red cell chip28 water channel,"agre, p",1992,1965.0
interpretation of recent results on sup 3 he below 3 mk a new liquid phase,"leggett, aj",1972,237.0
can a solid be superfluid,"leggett, aj",1970,735.0
the structure of the potassium channel molecular basis of k conduction and selectivity,"mackinnon, r",1998,6477.0
theory of a superfluid fermi liquid i general formalism and static properties,"leggett, aj",1965,281.0
image formation by induced local interactions examples employing nuclear magnetic resonance,"lauterbur, pc",1973,3413.0
ultraviolet behavior of non abelian gauge theories,"gross, dj",1973,3978.0
reliable perturbative results for strong interactions,"politzer, hd",1973,3796.0
proposed role of atp in protein breakdown conjugation of protein with multiple chains of the polypeptide of atp dependent proteolysis,"ciechanover, a",1980,720.0
atp dependent conjugation of reticulocyte proteins with the polypeptide required for protein degradation,"ciechanover, a",1980,528.0
a novel multigene family may encode odorant receptors a molecular basis for odor recognition,"buck, l",1991,4751.0
coherent and incoherent states of the radiation field,"glauber, rj",1963,6466.0
the quantum theory of optical coherence,"glauber, rj",1963,3793.0
living ring opening metathesis polymerization catalyzed by well characterized transition metal alkylidene complexes,"schrock, r",1990,800.0
direct link between microwave and optical frequencies with a 300 thz femtosecond laser comb,"hall, jl",2000,1100.0
carrier envelope phase control of femtosecond mode locked lasers and direct optical frequency synthesis,"hall, jl",2000,2547.0
collapse and revival of the matter wave field of a bose einstein condensate,"hansch, tw",2002,1174.0
quantum phase transition from a superfluid to a mott insulator in a gas of ultracold atoms,"hansch, tw",2002,5533.0
unidentified curved bacilli in the stomach of patients with gastritis and peptic ulceration,"marshall, bj",1984,5275.0
ring opening metathesis polymerization romp of norbornene by a group viii carbene complex in protic media,"grubbs, r",1992,963.0
catalyse de transformation des olefines par les complexes du tungstene ii telomerisation des olefines cycliques en presence d olefines acycliques,"chauvin, y",1971,1026.0
synthesis of molybdenum imido alkylidene complexes and some reactions involving acyclic olefins,"schrock, r",1990,1042.0
syntheses and activities of new single component ruthenium based olefin metathesis catalysts,"grubbs, r",1993,690.0
potent and specific genetic interference by double stranded rna in caenorhabditis elegans,"mello, cc",1998,14640.0
a preliminary measurement of the cosmic microwave background spectrum by the cosmic background explorer cobe satellite,"mather, jc",1990,521.0
cobe differential microwave radiometers preliminary systematic error analysis,"smoot, gf",1992,54.0
site directed mutagenesis by gene targeting in mouse embryo derived stem cells,"capecchi, mr",1987,2352.0
adsorption of hydrogen on a pt 111 surface,"ertl, g",1976,651.0
a comprehensive set of sequence analysis programs for the vax,"smithies, o",1984,14386.0
establishment in culture of pluripotential cells from mouse embryos,"evans, mj",1981,8374.0
chemisorption of co on the pt 111 surface,"ertl, g",1977,799.0
adsorption of hydrogen on palladium single crystal surfaces,"ertl, g",1974,674.0
a molecular beam investigation of the catalytic oxidation of co on pd 111,"ertl, g",1978,568.0
adsorption of hydrogen on nickel single crystal surfaces,"ertl, g",1974,705.0
adsorption of co on pd single crystal surfaces,"ertl, g",1974,448.0
layered magnetic structures evidence for antiferromagnetic coupling of fe layers across cr interlayers,"grunberg, p",1986,2266.0
high efficiency transformation by direct microinjection of dna into cultured mammalian cells,"capecchi, mr",1980,1004.0
targetted correction of a mutant hprt gene in mouse embryonic stem cells,"smithies, o",1987,781.0
giant magnetoresistance of 001 fe 001 cr magnetic superlattices,"fert, a",1988,8919.0
isolation of a t lymphotropic retrovirus from a patient at risk for acquired immune deficiency syndrome aids,"barresinoussi, f",1983,6718.0
quasi particles and gauge invariance in the theory of superconductivity,"nambu, yoichiro",1960,1593.0
green fluorescent protein as a marker for gene expression,"chalfie, m",1994,6537.0
axial vector current conservation in weak interactions,"nambu, yoichiro",1960,1053.0
dynamical model of elementary particles based on an analogy with superconductivity ii,"nambu, yoichiro",1961,5142.0
extraction purification and properties of aequorin a bioluminescent protein from the luminous hydromedusan aequorea,shimomur.o,1962,2208.0
understanding improving and using green fluorescent proteins,"tsien, r",1995,1337.0
crystal structure of the aequorea victoria green fluorescent protein,"tsien, r",1996,2159.0
wavelength mutations and posttranslational autoxidation of green fluorescent protein,"tsien, r",1994,1772.0
improved green fluorescence,"tsien, r",1995,1753.0
a new type of papillomavirus dna its presence in genital cancer biopsies and in cell lines derived from cervical cancer,"hausen, hz",1984,1295.0
cp violation in the renormalizable theory of weak interaction,"maskawa, t",1973,6172.0
fluorescent indicators for ca2 based on green fluorescent proteins and calmodulin,"tsien, r",1997,3157.0
cloning yeast telomeres on linear plasmid vectors,"szostak, jw",1982,611.0
the structural basis of ribosome activity in peptide bond synthesis,"steitz, t",2000,2177.0
the complete atomic structure of the large ribosomal subunit at 2 4 a resolution,"steitz, t",2000,3200.0
structure of functionally activated small ribosomal subunit at 3 3 a resolution,"yonath, a",2000,933.0
identification of a specific telomere terminal transferase activity in tetrahymena extracts,"blackburn, eh",1985,3308.0
dielectric fibre surface waveguides for optical frequencies,"kao, kc",1966,687.0
charge coupled semiconductor devices,"smith, ge",1970,919.0
functional insights from the structure of the 30s ribosomal subunit and its interactions with antibiotics,"ramakrishnan, v",2000,1540.0
structure of the 30s ribosomal subunit,"ramakrishnan, v",2000,1981.0
a new stereospecific cross coupling by the palladium catalyzed reaction of 1 alkenylboranes with 1 alkenyl or 1 alkynyl halides,"suzuki, a",1979,2052.0
birth after the reimplantation of a human embryo,"edwards, rg",1978,2486.0
electric field effect in atomically thin carbon films,"geim, andre k.",2004,62035.0
a novel stereospecific alkenyl alkenyl cross coupling by a palladium or nickel catalyzed reaction of alkenylalanes with alkenyl halides,"negishi, e",1976,331.0
novel stereoselective alkenyl aryl coupling via nickel catalysed reaction of alkenylanes with aryl halides,"negishi, e",1976,154.0
allylation of aromatic compounds with organopalladium salts,"heck, r",1968,162.0
the arylation of allylic alcohols with organopalladium compounds a new synthesis of 3 aryl aldehydes and ketones,"heck, r",1968,154.0
palladium catalyzed vinylic hydrogen substitution reactions with aryl benzyl and styryl halides,"heck, r",1972,2057.0
the palladium catalyzed arylation of enol esters ethers and halides a new synthesis of 2 aryl aldehydes and ketones,"heck, r",1968,133.0
acylation methylation and carboxyalkylation of olefins by group viii metal derivatives,"heck, r",1968,751.0
the dorsoventral regulatory gene cassette spatzle toll cactus controls the potent antifungal response in drosophila adults,"hoffmann, ja",1996,3828.0
observational evidence from supernovae for an accelerating universe and a cosmological constant,"riess, adam g.",1998,17163.0
identification of a novel cell type in peripheral lymphoid organs of mice i morphology quantitation tissue distribution,"steinman, rm",1973,2269.0
metallic phase with long range orientational order and no translational symmetry,"shechtman, d",1984,6772.0
defective lps signaling in c3h hej and c57bl 10sccr mice mutations in tlr4 gene,"beutler, b",1998,7428.0
discovery of a supernova explosion at half the age of the universe,"perlmutter, s",1998,2264.0
induction of pluripotent stem cells from adult human fibroblasts by defined factors,"yamanaka, s",2007,19080.0
induction of pluripotent stem cells from mouse embryonic and adult fibroblast cultures by defined factors,"yamanaka, s",2006,25039.0
adult frogs derived from the nuclei of single somatic cells,"gurdon, jb",1962,442.0
generation of nonclassical motional states of a trapped atom,"wineland, david",1996,1045.0
a schrodinger cat superposition state of an atom,"wineland, david",1996,1203.0
demonstration of a fundamental quantum logic gate,"wineland, david",1995,1510.0
cloning of the gene and cdna for mammalian  adrenergic receptor and homology with rhodopsin,"lefkowitz, r",1986,1235.0
observing the progressive decoherence of the meter in a quantum measurement,"haroche, serge",1996,1585.0
the developmental capacity of nuclei taken from intestinal epithelium cells of feeding tadpoles,"gurdon, jb",1962,1023.0
quantum rabi oscillation a direct test of field quantization in a cavity,"haroche, serge",1996,935.0
snap receptors implicated in vesicle targeting and fusion,"rothman, je",1993,3138.0
synaptotagmin i a major ca2 sensor for transmitter release at a central synapse,"sudhof, tc",1994,1479.0
snarepins minimal machinery for membrane fusion,"rothman, je",1998,2375.0
calculation of ground and excited state potential surfaces of conjugated molecules i formulation and parametrization,"karplus, m",1972,738.0
broken symmetries and the masses of gauge bosons,"higgs, pw",1964,4101.0
computer simulation of protein folding,"warshel, a",1975,1028.0
broken symmetries massless particles and gauge fields,"higgs, pw",1964,2839.0
synaptotagmin a calcium sensor on the synaptic vesicle surface,"sudhof, tc",1992,954.0
identification of 23 complementation groups required for post translational events in the yeast secretory pathway,"schekman, r",1980,1797.0
broken symmetry and the mass of gauge vector mesons,"englert, f",1964,3630.0
secretion and cell surface growth are blocked in a temperature sensitive mutant of saccharomyces cerevisiae,"schekman, r",1979,514.0
phospholipid binding by a synaptic vesicle protein homologous to the regulatory region of protein kinase c,"sudhof, tc",1990,814.0
a protein assembly disassembly pathway in vitro that may correspond to sequential steps of synaptic vesicle docking activation and fusion,"rothman, je",1993,1881.0
visualizing secretion and synaptic transmission with ph sensitive green fluorescent proteins,"rothman, je",1998,2531.0
botulinum neurotoxin a selectively cleaves the synaptic protein snap 25,"sudhof, tc",1993,1190.0
theoretical studies of enzymic reactions dielectric electrostatic and steric stabilization of the carbonium ion in the reaction of lysozyme,"levitt, m",1976,4302.0
breaking the diffraction barrier optical microscopy on a nanometric scale,"betzig, e",1991,1501.0
p type conduction in mg doped gan treated with low energy electron beam irradiation leebi,"amano, hiroshi",1989,1896.0
single molecules observed by near field scanning optical microscopy,"betzig, e",1993,1227.0
near field optics microscopy spectroscopy and surface modification beyond the diffraction limit,"betzig, e",1992,1761.0
microstructure of a spatial map in the entorhinal cortex,"moser, mb",2005,3854.0
candela class high brightness ingan algan double heterostructure blue light emitting diodes,"nakamura, shuji",1994,3657.0
breaking the diffraction resolution limit by stimulated emission stimulated emission depletion fluorescence microscopy,"hell, s",1994,5657.0
the hippocampus as a spatial map preliminary evidence from unit activity in the freely moving rat,"okeefe, j",1971,5908.0
single photons on demand from a single molecule at room temperature,"moerner, w",2000,767.0
a novel repair enzyme uvrabc excision nuclease of escherichia coli cuts a dna strand on both sides of the damaged region,"sancar, a",1983,610.0
dna mismatch correction in a defined system,"modrich, p",1989,545.0
avermectins new family of potent anthelmintic agents efficacy of the b1a component,"campbell, wc",1979,303.0
direct evidence for neutrino flavor transformation from neutral current interactions in the sudbury neutrino observatory,"mcdonald, ab",2002,2651.0
an n glycosidase from escherichia coli that releases free uracil from dna containing deaminated cytosine residues,"lindahl, t",1974,577.0
avermectins new family of potent anthelmintic agents producing organism and fermentation,"omura, s",1979,892.0
measurement of the rate of ve d p p e interactions produced by 8b solar neutrinos at the sudbury neutrino observatory,"mcdonald, ab",2001,1765.0
a molecular shuttle,"stoddart, j",1991,694.0
isolation and characterization of autophagy defective mutants of saccharomyces cerevisiae,"ohsumi, y",1993,1664.0
autophagy in yeast demonstrated with proteinase deficient mutants and conditions for its induction,"ohsumi, y",1992,1194.0
nonlinear field theory of large spin heisenberg antiferromagnets semiclassically quantized solitons of the one dimensional easy axis neel state,"haldane, fdm",1983,3409.0
une nouvelle famille de molecules les metallo catenanes,"sauvage, j",1983,695.0
light driven monodirectional molecular rotor,"feringa, b",1999,1805.0
ordering metastability and phase transitions in two dimensional systems,"thouless, dj",1973,8940.0
